{"r2": 0.5054957270622253, "mae": 8.922459602355957, "rmse": 12.843853952400188, "n_samples": 80293, "n_features": 15}